{
  "manifest": {
    "description": "The iconic font, CSS, and SVG framework",
    "keywords": [
      "font",
      "awesome",
      "fontawesome",
      "icon",
      "svg",
      "bootstrap"
    ],
    "homepage": "https://fontawesome.com/",
    "bugs": {
      "url": "http://github.com/FortAwesome/Font-Awesome/issues"
    },
    "author": {
      "name": "Dave Gandy",
      "email": "dave@fontawesome.com",
      "url": "http://twitter.com/davegandy"
    },
    "contributors": [
      {
        "name": "Brian Talbot",
        "url": "http://twitter.com/talbs"
      },
      {
        "name": "Travis Chase",
        "url": "http://twitter.com/supercodepoet"
      },
      {
        "name": "Rob Madole",
        "url": "http://twitter.com/robmadole"
      },
      {
        "name": "Geremia Taglialatela",
        "url": "http://twitter.com/gtagliala"
      },
      {
        "name": "Mike Wilkerson",
        "url": "http://twitter.com/mw77"
      }
    ],
    "repository": {
      "type": "git",
      "url": "https://github.com/FortAwesome/Font-Awesome"
    },
    "engines": {
      "node": ">=6"
    },
    "dependencies": {},
    "version": "5.15.3",
    "name": "@fortawesome/fontawesome-free",
    "main": "js/fontawesome.js",
    "style": "css/fontawesome.css",
    "license": "(CC-BY-4.0 AND OFL-1.1 AND MIT)",
    "scripts": {
      "postinstall": "node attribution.js"
    },
    "_registry": "npm",
    "_loc": "C:\\Users\\Mohannad_Issa\\AppData\\Local\\Yarn\\Cache\\v6\\npm-@fortawesome-fontawesome-free-5.15.3-c36ffa64a2a239bf948541a97b6ae8d729e09a9a-integrity\\node_modules\\@fortawesome\\fontawesome-free\\package.json",
    "licenseText": "Font Awesome Free License\n-------------------------\n\nFont Awesome Free is free, open source, and GPL friendly. You can use it for\ncommercial projects, open source projects, or really almost whatever you want.\nFull Font Awesome Free license: https://fontawesome.com/license/free.\n\n# Icons: CC BY 4.0 License (https://creativecommons.org/licenses/by/4.0/)\nIn the Font Awesome Free download, the CC BY 4.0 license applies to all icons\npackaged as SVG and JS file types.\n\n# Fonts: SIL OFL 1.1 License (https://scripts.sil.org/OFL)\nIn the Font Awesome Free download, the SIL OFL license applies to all icons\npackaged as web and desktop font files.\n\n# Code: MIT License (https://opensource.org/licenses/MIT)\nIn the Font Awesome Free download, the MIT license applies to all non-font and\nnon-icon files.\n\n# Attribution\nAttribution is required by MIT, SIL OFL, and CC BY licenses. Downloaded Font\nAwesome Free files already contain embedded comments with sufficient\nattribution, so you shouldn't need to do anything additional when using these\nfiles normally.\n\nWe've kept attribution comments terse, so we ask that you do not actively work\nto remove them from files, especially code. They're a great way for folks to\nlearn about Font Awesome.\n\n# Brand Icons\nAll brand icons are trademarks of their respective owners. The use of these\ntrademarks does not indicate endorsement of the trademark holder by Font\nAwesome, nor vice versa. **Please do not use brand logos for any purpose except\nto represent the company, product, or service to which they refer.**\n"
  },
  "artifacts": [],
  "remote": {
    "resolved": "https://registry.yarnpkg.com/@fortawesome/fontawesome-free/-/fontawesome-free-5.15.3.tgz#c36ffa64a2a239bf948541a97b6ae8d729e09a9a",
    "type": "tarball",
    "reference": "https://registry.yarnpkg.com/@fortawesome/fontawesome-free/-/fontawesome-free-5.15.3.tgz",
    "hash": "c36ffa64a2a239bf948541a97b6ae8d729e09a9a",
    "integrity": "sha512-rFnSUN/QOtnOAgqFRooTA3H57JLDm0QEG/jPdk+tLQNL/eWd+Aok8g3qCI+Q1xuDPWpGW/i9JySpJVsq8Q0s9w==",
    "registry": "npm",
    "packageName": "@fortawesome/fontawesome-free",
    "cacheIntegrity": "sha512-rFnSUN/QOtnOAgqFRooTA3H57JLDm0QEG/jPdk+tLQNL/eWd+Aok8g3qCI+Q1xuDPWpGW/i9JySpJVsq8Q0s9w== sha1-w2/6ZKKiOb+UhUGpe2ro1yngmpo="
  },
  "registry": "npm",
  "hash": "c36ffa64a2a239bf948541a97b6ae8d729e09a9a"
}